time,strategy,identifier,symbol,side,type,status,multiplier,time_in_force,asset.strike,asset.multiplier,asset.asset_type,price,filled_quantity,trade_cost
2020-01-02 09:30:00-05:00,MLTrader,ef0d4926aa5c413bafc9efcb32fbe801,SPY,buy,market,new,1,gtc,0.0,1,stock,,,
2020-01-02 09:30:00-05:00,MLTrader,ef0d4926aa5c413bafc9efcb32fbe801,SPY,buy,market,fill,1,gtc,0.0,1,stock,323.5400085449219,1.0,0.0
2020-01-03 09:30:00-05:00,MLTrader,0644acf908c94d77ba5d2d0ec1a58e99,SPY,buy,market,new,1,gtc,0.0,1,stock,,,
2020-01-03 09:30:00-05:00,MLTrader,0644acf908c94d77ba5d2d0ec1a58e99,SPY,buy,market,fill,1,gtc,0.0,1,stock,321.1600036621094,1.0,0.0
2020-01-06 09:30:00-05:00,MLTrader,47311af7b3834868a5311f59d7f4e211,SPY,buy,market,new,1,gtc,0.0,1,stock,,,
2020-01-06 09:30:00-05:00,MLTrader,47311af7b3834868a5311f59d7f4e211,SPY,buy,market,fill,1,gtc,0.0,1,stock,320.489990234375,1.0,0.0
2020-01-07 09:30:00-05:00,MLTrader,b98b245d56bf40bd95df1df3f45e0203,SPY,buy,market,new,1,gtc,0.0,1,stock,,,
2020-01-07 09:30:00-05:00,MLTrader,b98b245d56bf40bd95df1df3f45e0203,SPY,buy,market,fill,1,gtc,0.0,1,stock,323.0199890136719,1.0,0.0
2020-01-08 09:30:00-05:00,MLTrader,be9c6dd3c06641f78cfec5e6d92b74f6,SPY,buy,market,new,1,gtc,0.0,1,stock,,,
2020-01-08 09:30:00-05:00,MLTrader,be9c6dd3c06641f78cfec5e6d92b74f6,SPY,buy,market,fill,1,gtc,0.0,1,stock,322.94000244140625,1.0,0.0
2020-01-09 09:30:00-05:00,MLTrader,fc8ebeef5d984bb3956e1dad08b4dbcd,SPY,buy,market,new,1,gtc,0.0,1,stock,,,
2020-01-09 09:30:00-05:00,MLTrader,fc8ebeef5d984bb3956e1dad08b4dbcd,SPY,buy,market,fill,1,gtc,0.0,1,stock,326.1600036621094,1.0,0.0
2020-01-10 09:30:00-05:00,MLTrader,a84c08c976354e75b2cbb56f24be5467,SPY,buy,market,new,1,gtc,0.0,1,stock,,,
2020-01-10 09:30:00-05:00,MLTrader,a84c08c976354e75b2cbb56f24be5467,SPY,buy,market,fill,1,gtc,0.0,1,stock,327.2900085449219,1.0,0.0
2020-01-13 09:30:00-05:00,MLTrader,233e819730024e098316a85a90e847ad,SPY,buy,market,new,1,gtc,0.0,1,stock,,,
2020-01-13 09:30:00-05:00,MLTrader,233e819730024e098316a85a90e847ad,SPY,buy,market,fill,1,gtc,0.0,1,stock,326.3900146484375,1.0,0.0
2020-01-14 09:30:00-05:00,MLTrader,fbb1b1617e4842ecbfeca9fa823b2944,SPY,buy,market,new,1,gtc,0.0,1,stock,,,
2020-01-14 09:30:00-05:00,MLTrader,fbb1b1617e4842ecbfeca9fa823b2944,SPY,buy,market,fill,1,gtc,0.0,1,stock,327.4700012207031,1.0,0.0
2020-01-15 09:30:00-05:00,MLTrader,1b5c0875f485477194e507d3afdc4caf,SPY,buy,market,new,1,gtc,0.0,1,stock,,,
2020-01-15 09:30:00-05:00,MLTrader,1b5c0875f485477194e507d3afdc4caf,SPY,buy,market,fill,1,gtc,0.0,1,stock,327.3500061035156,1.0,0.0
2020-01-16 09:30:00-05:00,MLTrader,cc47d245e4754a7796bb2c0fa8ca5d7f,SPY,buy,market,new,1,gtc,0.0,1,stock,,,
2020-01-16 09:30:00-05:00,MLTrader,cc47d245e4754a7796bb2c0fa8ca5d7f,SPY,buy,market,fill,1,gtc,0.0,1,stock,329.70001220703125,1.0,0.0
2020-01-17 09:30:00-05:00,MLTrader,e788548cd8e54a0696060f69392f5cc1,SPY,buy,market,new,1,gtc,0.0,1,stock,,,
2020-01-17 09:30:00-05:00,MLTrader,e788548cd8e54a0696060f69392f5cc1,SPY,buy,market,fill,1,gtc,0.0,1,stock,331.70001220703125,1.0,0.0
2020-01-21 09:30:00-05:00,MLTrader,fdcaada4978a4918baefbdd9dcdc2a00,SPY,buy,market,new,1,gtc,0.0,1,stock,,,
2020-01-21 09:30:00-05:00,MLTrader,fdcaada4978a4918baefbdd9dcdc2a00,SPY,buy,market,fill,1,gtc,0.0,1,stock,330.8999938964844,1.0,0.0
2020-01-22 09:30:00-05:00,MLTrader,486a02a5de7844fcad399c5f3979cfb6,SPY,buy,market,new,1,gtc,0.0,1,stock,,,
2020-01-22 09:30:00-05:00,MLTrader,486a02a5de7844fcad399c5f3979cfb6,SPY,buy,market,fill,1,gtc,0.0,1,stock,332.239990234375,1.0,0.0
2020-01-23 09:30:00-05:00,MLTrader,fd0ec128e2a14155abf5aa684efe6cec,SPY,buy,market,new,1,gtc,0.0,1,stock,,,
2020-01-23 09:30:00-05:00,MLTrader,fd0ec128e2a14155abf5aa684efe6cec,SPY,buy,market,fill,1,gtc,0.0,1,stock,330.6300048828125,1.0,0.0
2020-01-24 09:30:00-05:00,MLTrader,0ada7a33898b461bb9d505b42db3ef84,SPY,buy,market,new,1,gtc,0.0,1,stock,,,
2020-01-24 09:30:00-05:00,MLTrader,0ada7a33898b461bb9d505b42db3ef84,SPY,buy,market,fill,1,gtc,0.0,1,stock,332.44000244140625,1.0,0.0
2020-01-27 09:30:00-05:00,MLTrader,825e0219e5d14d5dba6664b60c6551ed,SPY,buy,market,new,1,gtc,0.0,1,stock,,,
2020-01-27 09:30:00-05:00,MLTrader,825e0219e5d14d5dba6664b60c6551ed,SPY,buy,market,fill,1,gtc,0.0,1,stock,323.0299987792969,1.0,0.0
2020-01-28 09:30:00-05:00,MLTrader,4328a42852344be9b68e33dc9631e043,SPY,buy,market,new,1,gtc,0.0,1,stock,,,
2020-01-28 09:30:00-05:00,MLTrader,4328a42852344be9b68e33dc9631e043,SPY,buy,market,fill,1,gtc,0.0,1,stock,325.05999755859375,1.0,0.0
2020-01-29 09:30:00-05:00,MLTrader,0edd517298bd4c19a56957cce2e6c9e1,SPY,buy,market,new,1,gtc,0.0,1,stock,,,
2020-01-29 09:30:00-05:00,MLTrader,0edd517298bd4c19a56957cce2e6c9e1,SPY,buy,market,fill,1,gtc,0.0,1,stock,328.3800048828125,1.0,0.0
2020-01-30 09:30:00-05:00,MLTrader,e3f944d6109440a48b1e36d21967aea9,SPY,buy,market,new,1,gtc,0.0,1,stock,,,
2020-01-30 09:30:00-05:00,MLTrader,e3f944d6109440a48b1e36d21967aea9,SPY,buy,market,fill,1,gtc,0.0,1,stock,324.3599853515625,1.0,0.0
2020-01-31 09:30:00-05:00,MLTrader,d3b461d26be4409c90d40d704db24d31,SPY,buy,market,new,1,gtc,0.0,1,stock,,,
2020-01-31 09:30:00-05:00,MLTrader,d3b461d26be4409c90d40d704db24d31,SPY,buy,market,fill,1,gtc,0.0,1,stock,327.0,1.0,0.0
2020-02-03 09:30:00-05:00,MLTrader,9b689400a3ba483bbe749b65487f8c0d,SPY,buy,market,new,1,gtc,0.0,1,stock,,,
2020-02-03 09:30:00-05:00,MLTrader,9b689400a3ba483bbe749b65487f8c0d,SPY,buy,market,fill,1,gtc,0.0,1,stock,323.3500061035156,1.0,0.0
2020-02-04 09:30:00-05:00,MLTrader,6ac69c81cf5b448bbd10d60c536f8f91,SPY,buy,market,new,1,gtc,0.0,1,stock,,,
2020-02-04 09:30:00-05:00,MLTrader,6ac69c81cf5b448bbd10d60c536f8f91,SPY,buy,market,fill,1,gtc,0.0,1,stock,328.07000732421875,1.0,0.0
2020-02-05 09:30:00-05:00,MLTrader,e8aa8f5dad4d40599209d1710437ed74,SPY,buy,market,new,1,gtc,0.0,1,stock,,,
2020-02-05 09:30:00-05:00,MLTrader,e8aa8f5dad4d40599209d1710437ed74,SPY,buy,market,fill,1,gtc,0.0,1,stock,332.2699890136719,1.0,0.0
2020-02-06 09:30:00-05:00,MLTrader,27e2830c42ed4081ac802b6204fcbebb,SPY,buy,market,new,1,gtc,0.0,1,stock,,,
2020-02-06 09:30:00-05:00,MLTrader,27e2830c42ed4081ac802b6204fcbebb,SPY,buy,market,fill,1,gtc,0.0,1,stock,333.9100036621094,1.0,0.0
2020-02-07 09:30:00-05:00,MLTrader,6074baad680b481d89a12f66bd4f74e2,SPY,buy,market,new,1,gtc,0.0,1,stock,,,
2020-02-07 09:30:00-05:00,MLTrader,6074baad680b481d89a12f66bd4f74e2,SPY,buy,market,fill,1,gtc,0.0,1,stock,332.82000732421875,1.0,0.0
2020-02-10 09:30:00-05:00,MLTrader,8568b461ca754bb9b4d421143e3c3c50,SPY,buy,market,new,1,gtc,0.0,1,stock,,,
2020-02-10 09:30:00-05:00,MLTrader,8568b461ca754bb9b4d421143e3c3c50,SPY,buy,market,fill,1,gtc,0.0,1,stock,331.2300109863281,1.0,0.0
2020-02-11 09:30:00-05:00,MLTrader,4dc5472a08614c5b8519188e05836dd6,SPY,buy,market,new,1,gtc,0.0,1,stock,,,
2020-02-11 09:30:00-05:00,MLTrader,4dc5472a08614c5b8519188e05836dd6,SPY,buy,market,fill,1,gtc,0.0,1,stock,336.1600036621094,1.0,0.0
2020-02-12 09:30:00-05:00,MLTrader,a66a610cbb304294aa599032c65d0c3a,SPY,buy,market,new,1,gtc,0.0,1,stock,,,
2020-02-12 09:30:00-05:00,MLTrader,a66a610cbb304294aa599032c65d0c3a,SPY,buy,market,fill,1,gtc,0.0,1,stock,336.8299865722656,1.0,0.0
2020-02-13 09:30:00-05:00,MLTrader,7654c42ce57a49d3af6ae7a73b48ffbf,SPY,buy,market,new,1,gtc,0.0,1,stock,,,
2020-02-13 09:30:00-05:00,MLTrader,7654c42ce57a49d3af6ae7a73b48ffbf,SPY,buy,market,fill,1,gtc,0.0,1,stock,335.8599853515625,1.0,0.0
2020-02-14 09:30:00-05:00,MLTrader,e3ede1875dba44c68d9e56a0b910ac4f,SPY,buy,market,new,1,gtc,0.0,1,stock,,,
2020-02-14 09:30:00-05:00,MLTrader,e3ede1875dba44c68d9e56a0b910ac4f,SPY,buy,market,fill,1,gtc,0.0,1,stock,337.510009765625,1.0,0.0
2020-02-18 09:30:00-05:00,MLTrader,5aaad4c954314e379ad0f96dc459b965,SPY,buy,market,new,1,gtc,0.0,1,stock,,,
2020-02-18 09:30:00-05:00,MLTrader,5aaad4c954314e379ad0f96dc459b965,SPY,buy,market,fill,1,gtc,0.0,1,stock,336.510009765625,1.0,0.0
2020-02-19 09:30:00-05:00,MLTrader,f743559b5bcf44c88a6fc7db4ef654c2,SPY,buy,market,new,1,gtc,0.0,1,stock,,,
2020-02-19 09:30:00-05:00,MLTrader,f743559b5bcf44c88a6fc7db4ef654c2,SPY,buy,market,fill,1,gtc,0.0,1,stock,337.7900085449219,1.0,0.0
2020-02-20 09:30:00-05:00,MLTrader,1a9d911f96c64cf2b464547f9edefc27,SPY,buy,market,new,1,gtc,0.0,1,stock,,,
2020-02-20 09:30:00-05:00,MLTrader,1a9d911f96c64cf2b464547f9edefc27,SPY,buy,market,fill,1,gtc,0.0,1,stock,337.739990234375,1.0,0.0
2020-02-21 09:30:00-05:00,MLTrader,cf049435fc8d445db9fa0887ad91167c,SPY,buy,market,new,1,gtc,0.0,1,stock,,,
2020-02-21 09:30:00-05:00,MLTrader,cf049435fc8d445db9fa0887ad91167c,SPY,buy,market,fill,1,gtc,0.0,1,stock,335.4700012207031,1.0,0.0
2020-02-24 09:30:00-05:00,MLTrader,eeaa6996c47c40a9834966a763e919d7,SPY,buy,market,new,1,gtc,0.0,1,stock,,,
2020-02-24 09:30:00-05:00,MLTrader,eeaa6996c47c40a9834966a763e919d7,SPY,buy,market,fill,1,gtc,0.0,1,stock,323.1400146484375,1.0,0.0
2020-02-25 09:30:00-05:00,MLTrader,b2695ce57b8f462eae1acbf20b397fa0,SPY,buy,market,new,1,gtc,0.0,1,stock,,,
2020-02-25 09:30:00-05:00,MLTrader,b2695ce57b8f462eae1acbf20b397fa0,SPY,buy,market,fill,1,gtc,0.0,1,stock,323.94000244140625,1.0,0.0
2020-02-26 09:30:00-05:00,MLTrader,233134b3289e4bd2a2be9cd526f63d92,SPY,buy,market,new,1,gtc,0.0,1,stock,,,
2020-02-26 09:30:00-05:00,MLTrader,233134b3289e4bd2a2be9cd526f63d92,SPY,buy,market,fill,1,gtc,0.0,1,stock,314.17999267578125,1.0,0.0
2020-02-27 09:30:00-05:00,MLTrader,d1fbb0338f1c43a0b72e2ff7ab4eeec8,SPY,buy,market,new,1,gtc,0.0,1,stock,,,
2020-02-27 09:30:00-05:00,MLTrader,d1fbb0338f1c43a0b72e2ff7ab4eeec8,SPY,buy,market,fill,1,gtc,0.0,1,stock,305.4599914550781,1.0,0.0
2020-02-28 09:30:00-05:00,MLTrader,ec8817df3d3a4a10b16b8481c06a6482,SPY,buy,market,new,1,gtc,0.0,1,stock,,,
2020-02-28 09:30:00-05:00,MLTrader,ec8817df3d3a4a10b16b8481c06a6482,SPY,buy,market,fill,1,gtc,0.0,1,stock,288.70001220703125,1.0,0.0
2020-03-02 09:30:00-05:00,MLTrader,365da14af3ce423ca9f9b646b0f8ddf7,SPY,buy,market,new,1,gtc,0.0,1,stock,,,
2020-03-02 09:30:00-05:00,MLTrader,365da14af3ce423ca9f9b646b0f8ddf7,SPY,buy,market,fill,1,gtc,0.0,1,stock,298.2099914550781,1.0,0.0
2020-03-03 09:30:00-05:00,MLTrader,7bf8768b359742a8b9b3f620164c881d,SPY,buy,market,new,1,gtc,0.0,1,stock,,,
2020-03-03 09:30:00-05:00,MLTrader,7bf8768b359742a8b9b3f620164c881d,SPY,buy,market,fill,1,gtc,0.0,1,stock,309.5,1.0,0.0
2020-03-04 09:30:00-05:00,MLTrader,77429685019141d6b4da8f0ee11fb132,SPY,buy,market,new,1,gtc,0.0,1,stock,,,
2020-03-04 09:30:00-05:00,MLTrader,77429685019141d6b4da8f0ee11fb132,SPY,buy,market,fill,1,gtc,0.0,1,stock,306.1199951171875,1.0,0.0
2020-03-05 09:30:00-05:00,MLTrader,4219987e3e5547f7ab95eaf25fe335cf,SPY,buy,market,new,1,gtc,0.0,1,stock,,,
2020-03-05 09:30:00-05:00,MLTrader,4219987e3e5547f7ab95eaf25fe335cf,SPY,buy,market,fill,1,gtc,0.0,1,stock,304.9800109863281,1.0,0.0
2020-03-06 09:30:00-05:00,MLTrader,b2685eb5b4fb4f4a91f52a5672f462a2,SPY,buy,market,new,1,gtc,0.0,1,stock,,,
2020-03-06 09:30:00-05:00,MLTrader,b2685eb5b4fb4f4a91f52a5672f462a2,SPY,buy,market,fill,1,gtc,0.0,1,stock,293.1499938964844,1.0,0.0
2020-03-09 09:30:00-04:00,MLTrader,ec391872c22241d38e28d64b963bbc1d,SPY,buy,market,new,1,gtc,0.0,1,stock,,,
2020-03-09 09:30:00-04:00,MLTrader,ec391872c22241d38e28d64b963bbc1d,SPY,buy,market,fill,1,gtc,0.0,1,stock,275.29998779296875,1.0,0.0
2020-03-10 09:30:00-04:00,MLTrader,e63caf9a515d47ad87e9f58b3e416d9c,SPY,buy,market,new,1,gtc,0.0,1,stock,,,
2020-03-10 09:30:00-04:00,MLTrader,e63caf9a515d47ad87e9f58b3e416d9c,SPY,buy,market,fill,1,gtc,0.0,1,stock,284.6400146484375,1.0,0.0
2020-03-11 09:30:00-04:00,MLTrader,b5af9b1464bc48bebec1f20a46436022,SPY,buy,market,new,1,gtc,0.0,1,stock,,,
2020-03-11 09:30:00-04:00,MLTrader,b5af9b1464bc48bebec1f20a46436022,SPY,buy,market,fill,1,gtc,0.0,1,stock,280.70001220703125,1.0,0.0
2020-03-12 09:30:00-04:00,MLTrader,a093f85f56ab41149cd802b41434fcbb,SPY,buy,market,new,1,gtc,0.0,1,stock,,,
2020-03-12 09:30:00-04:00,MLTrader,a093f85f56ab41149cd802b41434fcbb,SPY,buy,market,fill,1,gtc,0.0,1,stock,256.0,1.0,0.0
2020-03-13 09:30:00-04:00,MLTrader,a3f81fabf527430fa1a80fc226c50940,SPY,buy,market,new,1,gtc,0.0,1,stock,,,
2020-03-13 09:30:00-04:00,MLTrader,a3f81fabf527430fa1a80fc226c50940,SPY,buy,market,fill,1,gtc,0.0,1,stock,263.0899963378906,1.0,0.0
2020-03-16 09:30:00-04:00,MLTrader,fdb171d5ec1e40c68ba6f2cd6405d89f,SPY,buy,market,new,1,gtc,0.0,1,stock,,,
2020-03-16 09:30:00-04:00,MLTrader,fdb171d5ec1e40c68ba6f2cd6405d89f,SPY,buy,market,fill,1,gtc,0.0,1,stock,241.17999267578125,1.0,0.0
2020-03-17 09:30:00-04:00,MLTrader,bf39462e52a24e3bba888f44079794fb,SPY,buy,market,new,1,gtc,0.0,1,stock,,,
2020-03-17 09:30:00-04:00,MLTrader,bf39462e52a24e3bba888f44079794fb,SPY,buy,market,fill,1,gtc,0.0,1,stock,245.0399932861328,1.0,0.0
2020-03-18 09:30:00-04:00,MLTrader,fdf222b221f74c5486cc3460e028ca2a,SPY,buy,market,new,1,gtc,0.0,1,stock,,,
2020-03-18 09:30:00-04:00,MLTrader,fdf222b221f74c5486cc3460e028ca2a,SPY,buy,market,fill,1,gtc,0.0,1,stock,236.25,1.0,0.0
2020-03-19 09:30:00-04:00,MLTrader,d14489a482f94c149cfbf8ce59b87086,SPY,buy,market,new,1,gtc,0.0,1,stock,,,
2020-03-19 09:30:00-04:00,MLTrader,d14489a482f94c149cfbf8ce59b87086,SPY,buy,market,fill,1,gtc,0.0,1,stock,239.25,1.0,0.0
2020-03-20 09:30:00-04:00,MLTrader,44f5c12044374c93af47a4bf789c5d20,SPY,buy,market,new,1,gtc,0.0,1,stock,,,
2020-03-20 09:30:00-04:00,MLTrader,44f5c12044374c93af47a4bf789c5d20,SPY,buy,market,fill,1,gtc,0.0,1,stock,242.52999877929688,1.0,0.0
2020-03-23 09:30:00-04:00,MLTrader,a10f390714ea4543abf55878025a5504,SPY,buy,market,new,1,gtc,0.0,1,stock,,,
2020-03-23 09:30:00-04:00,MLTrader,a10f390714ea4543abf55878025a5504,SPY,buy,market,fill,1,gtc,0.0,1,stock,228.19000244140625,1.0,0.0
2020-03-24 09:30:00-04:00,MLTrader,dfa4db0186a347728d279196a1516aa2,SPY,buy,market,new,1,gtc,0.0,1,stock,,,
2020-03-24 09:30:00-04:00,MLTrader,dfa4db0186a347728d279196a1516aa2,SPY,buy,market,fill,1,gtc,0.0,1,stock,234.4199981689453,1.0,0.0
2020-03-25 09:30:00-04:00,MLTrader,f5f890375286435887b1260dc6c45a30,SPY,buy,market,new,1,gtc,0.0,1,stock,,,
2020-03-25 09:30:00-04:00,MLTrader,f5f890375286435887b1260dc6c45a30,SPY,buy,market,fill,1,gtc,0.0,1,stock,244.8699951171875,1.0,0.0
2020-03-26 09:30:00-04:00,MLTrader,81ec38dec1574666a31238e894e1bac3,SPY,buy,market,new,1,gtc,0.0,1,stock,,,
2020-03-26 09:30:00-04:00,MLTrader,81ec38dec1574666a31238e894e1bac3,SPY,buy,market,fill,1,gtc,0.0,1,stock,249.52000427246094,1.0,0.0
2020-03-27 09:30:00-04:00,MLTrader,fdcb985c7f6247548fd1bb4a5a7fe8cd,SPY,buy,market,new,1,gtc,0.0,1,stock,,,
2020-03-27 09:30:00-04:00,MLTrader,fdcb985c7f6247548fd1bb4a5a7fe8cd,SPY,buy,market,fill,1,gtc,0.0,1,stock,253.27000427246094,1.0,0.0
2020-03-30 09:30:00-04:00,MLTrader,2acb265e09f241eba29f3fb9bf8c86f4,SPY,buy,market,new,1,gtc,0.0,1,stock,,,
2020-03-30 09:30:00-04:00,MLTrader,2acb265e09f241eba29f3fb9bf8c86f4,SPY,buy,market,fill,1,gtc,0.0,1,stock,255.6999969482422,1.0,0.0
2020-03-31 09:30:00-04:00,MLTrader,72142cdb47534c448d3053dba77f5629,SPY,buy,market,new,1,gtc,0.0,1,stock,,,
2020-03-31 09:30:00-04:00,MLTrader,72142cdb47534c448d3053dba77f5629,SPY,buy,market,fill,1,gtc,0.0,1,stock,260.55999755859375,1.0,0.0
2020-04-01 09:30:00-04:00,MLTrader,3822ab0373f743e58e59c2d65d411380,SPY,buy,market,new,1,gtc,0.0,1,stock,,,
2020-04-01 09:30:00-04:00,MLTrader,3822ab0373f743e58e59c2d65d411380,SPY,buy,market,fill,1,gtc,0.0,1,stock,247.97999572753906,1.0,0.0
2020-04-02 09:30:00-04:00,MLTrader,dcd5cd9aab494164adfe8245957d56ec,SPY,buy,market,new,1,gtc,0.0,1,stock,,,
2020-04-02 09:30:00-04:00,MLTrader,dcd5cd9aab494164adfe8245957d56ec,SPY,buy,market,fill,1,gtc,0.0,1,stock,245.19000244140625,1.0,0.0
2020-04-03 09:30:00-04:00,MLTrader,7bc734ba9c0c41a195849af70edbc643,SPY,buy,market,new,1,gtc,0.0,1,stock,,,
2020-04-03 09:30:00-04:00,MLTrader,7bc734ba9c0c41a195849af70edbc643,SPY,buy,market,fill,1,gtc,0.0,1,stock,250.75999450683594,1.0,0.0
2020-04-06 09:30:00-04:00,MLTrader,b70a87270b574057b94667417b54ed51,SPY,buy,market,new,1,gtc,0.0,1,stock,,,
2020-04-06 09:30:00-04:00,MLTrader,b70a87270b574057b94667417b54ed51,SPY,buy,market,fill,1,gtc,0.0,1,stock,257.8399963378906,1.0,0.0
2020-04-07 09:30:00-04:00,MLTrader,dffe8e3e7dec4601bb44d50982505ed0,SPY,buy,market,new,1,gtc,0.0,1,stock,,,
2020-04-07 09:30:00-04:00,MLTrader,dffe8e3e7dec4601bb44d50982505ed0,SPY,buy,market,fill,1,gtc,0.0,1,stock,274.2099914550781,1.0,0.0
2020-04-08 09:30:00-04:00,MLTrader,ec040550d4e34a32b74ad4787c42b469,SPY,buy,market,new,1,gtc,0.0,1,stock,,,
2020-04-08 09:30:00-04:00,MLTrader,ec040550d4e34a32b74ad4787c42b469,SPY,buy,market,fill,1,gtc,0.0,1,stock,267.9599914550781,1.0,0.0
2020-04-09 09:30:00-04:00,MLTrader,5761d9eabb4a4f80bbf0f53c9c89cd0b,SPY,buy,market,new,1,gtc,0.0,1,stock,,,
2020-04-09 09:30:00-04:00,MLTrader,5761d9eabb4a4f80bbf0f53c9c89cd0b,SPY,buy,market,fill,1,gtc,0.0,1,stock,277.5799865722656,1.0,0.0
2020-04-13 09:30:00-04:00,MLTrader,36f2f227c19148a58f84c4b8d4a55f59,SPY,buy,market,new,1,gtc,0.0,1,stock,,,
2020-04-13 09:30:00-04:00,MLTrader,36f2f227c19148a58f84c4b8d4a55f59,SPY,buy,market,fill,1,gtc,0.0,1,stock,277.1400146484375,1.0,0.0
2020-04-14 09:30:00-04:00,MLTrader,c5769f155c11416e80df231ab5515d4c,SPY,buy,market,new,1,gtc,0.0,1,stock,,,
2020-04-14 09:30:00-04:00,MLTrader,c5769f155c11416e80df231ab5515d4c,SPY,buy,market,fill,1,gtc,0.0,1,stock,280.9800109863281,1.0,0.0
2020-04-15 09:30:00-04:00,MLTrader,510581c34d0043838ec42549aa8982b6,SPY,buy,market,new,1,gtc,0.0,1,stock,,,
2020-04-15 09:30:00-04:00,MLTrader,510581c34d0043838ec42549aa8982b6,SPY,buy,market,fill,1,gtc,0.0,1,stock,277.57000732421875,1.0,0.0
2020-04-16 09:30:00-04:00,MLTrader,a90f87fdecb74d61a6d253d5c577d4de,SPY,buy,market,new,1,gtc,0.0,1,stock,,,
2020-04-16 09:30:00-04:00,MLTrader,a90f87fdecb74d61a6d253d5c577d4de,SPY,buy,market,fill,1,gtc,0.0,1,stock,279.1499938964844,1.0,0.0
2020-04-17 09:30:00-04:00,MLTrader,51e0be58012242e28f49ecbc86d7a65b,SPY,buy,market,new,1,gtc,0.0,1,stock,,,
2020-04-17 09:30:00-04:00,MLTrader,51e0be58012242e28f49ecbc86d7a65b,SPY,buy,market,fill,1,gtc,0.0,1,stock,285.3800048828125,1.0,0.0
2020-04-20 09:30:00-04:00,MLTrader,daa0afb728c442dab311d1aae0fcc73a,SPY,buy,market,new,1,gtc,0.0,1,stock,,,
2020-04-20 09:30:00-04:00,MLTrader,daa0afb728c442dab311d1aae0fcc73a,SPY,buy,market,fill,1,gtc,0.0,1,stock,282.6099853515625,1.0,0.0
2020-04-21 09:30:00-04:00,MLTrader,0ef9abd731a944629d330747be969ed1,SPY,buy,market,new,1,gtc,0.0,1,stock,,,
2020-04-21 09:30:00-04:00,MLTrader,0ef9abd731a944629d330747be969ed1,SPY,buy,market,fill,1,gtc,0.0,1,stock,276.7300109863281,1.0,0.0
2020-04-22 09:30:00-04:00,MLTrader,dd307947e1a14ea9b52882eeab5a70f9,SPY,buy,market,new,1,gtc,0.0,1,stock,,,
2020-04-22 09:30:00-04:00,MLTrader,dd307947e1a14ea9b52882eeab5a70f9,SPY,buy,market,fill,1,gtc,0.0,1,stock,278.3500061035156,1.0,0.0
2020-04-23 09:30:00-04:00,MLTrader,604b3870b5ef44f0a90c7d9ffde21cde,SPY,buy,market,new,1,gtc,0.0,1,stock,,,
2020-04-23 09:30:00-04:00,MLTrader,604b3870b5ef44f0a90c7d9ffde21cde,SPY,buy,market,fill,1,gtc,0.0,1,stock,280.489990234375,1.0,0.0
2020-04-24 09:30:00-04:00,MLTrader,ea54808bef574f05980b15dc348e7d2c,SPY,buy,market,new,1,gtc,0.0,1,stock,,,
2020-04-24 09:30:00-04:00,MLTrader,ea54808bef574f05980b15dc348e7d2c,SPY,buy,market,fill,1,gtc,0.0,1,stock,280.7300109863281,1.0,0.0
2020-04-27 09:30:00-04:00,MLTrader,b8fd218b0d7a4a6090818576b5662763,SPY,buy,market,new,1,gtc,0.0,1,stock,,,
2020-04-27 09:30:00-04:00,MLTrader,b8fd218b0d7a4a6090818576b5662763,SPY,buy,market,fill,1,gtc,0.0,1,stock,285.1199951171875,1.0,0.0
2020-04-28 09:30:00-04:00,MLTrader,c8972f49dd99404aa6d24bc0f8d9d2c9,SPY,buy,market,new,1,gtc,0.0,1,stock,,,
2020-04-28 09:30:00-04:00,MLTrader,c8972f49dd99404aa6d24bc0f8d9d2c9,SPY,buy,market,fill,1,gtc,0.0,1,stock,291.0199890136719,1.0,0.0
2020-04-29 09:30:00-04:00,MLTrader,48def352829644d680a1f49202609469,SPY,buy,market,new,1,gtc,0.0,1,stock,,,
2020-04-29 09:30:00-04:00,MLTrader,48def352829644d680a1f49202609469,SPY,buy,market,fill,1,gtc,0.0,1,stock,291.5299987792969,1.0,0.0
2020-04-30 09:30:00-04:00,MLTrader,3084b56850df4fdd87958a890893ef5a,SPY,buy,market,new,1,gtc,0.0,1,stock,,,
2020-04-30 09:30:00-04:00,MLTrader,3084b56850df4fdd87958a890893ef5a,SPY,buy,market,fill,1,gtc,0.0,1,stock,291.7099914550781,1.0,0.0
2020-05-01 09:30:00-04:00,MLTrader,1a1608eae9bc43a9a5f0a6986536f8f0,SPY,buy,market,new,1,gtc,0.0,1,stock,,,
2020-05-01 09:30:00-04:00,MLTrader,1a1608eae9bc43a9a5f0a6986536f8f0,SPY,buy,market,fill,1,gtc,0.0,1,stock,285.30999755859375,1.0,0.0
2020-05-04 09:30:00-04:00,MLTrader,c21a5fb4e73e4c61984e53706035481f,SPY,buy,market,new,1,gtc,0.0,1,stock,,,
2020-05-04 09:30:00-04:00,MLTrader,c21a5fb4e73e4c61984e53706035481f,SPY,buy,market,fill,1,gtc,0.0,1,stock,280.739990234375,1.0,0.0
2020-05-05 09:30:00-04:00,MLTrader,fc8178da1c854646b3854d7ca9ca8c99,SPY,buy,market,new,1,gtc,0.0,1,stock,,,
2020-05-05 09:30:00-04:00,MLTrader,fc8178da1c854646b3854d7ca9ca8c99,SPY,buy,market,fill,1,gtc,0.0,1,stock,286.6400146484375,1.0,0.0
2020-05-06 09:30:00-04:00,MLTrader,2b0cdfdbad6f49ce90a8e825029f1d81,SPY,buy,market,new,1,gtc,0.0,1,stock,,,
2020-05-06 09:30:00-04:00,MLTrader,2b0cdfdbad6f49ce90a8e825029f1d81,SPY,buy,market,fill,1,gtc,0.0,1,stock,288.0400085449219,1.0,0.0
2020-05-07 09:30:00-04:00,MLTrader,d158dd3a079740f59f523ef399108cf8,SPY,buy,market,new,1,gtc,0.0,1,stock,,,
2020-05-07 09:30:00-04:00,MLTrader,d158dd3a079740f59f523ef399108cf8,SPY,buy,market,fill,1,gtc,0.0,1,stock,287.75,1.0,0.0
2020-05-08 09:30:00-04:00,MLTrader,9a79e368729b4e0bb7db7671495af904,SPY,buy,market,new,1,gtc,0.0,1,stock,,,
2020-05-08 09:30:00-04:00,MLTrader,9a79e368729b4e0bb7db7671495af904,SPY,buy,market,fill,1,gtc,0.0,1,stock,291.0899963378906,1.0,0.0
2020-05-11 09:30:00-04:00,MLTrader,2248d1787ba74f338347cc985195d342,SPY,buy,market,new,1,gtc,0.0,1,stock,,,
2020-05-11 09:30:00-04:00,MLTrader,2248d1787ba74f338347cc985195d342,SPY,buy,market,fill,1,gtc,0.0,1,stock,290.3399963378906,1.0,0.0
2020-05-12 09:30:00-04:00,MLTrader,9b47c03ae5b942309733b49a106262ef,SPY,buy,market,new,1,gtc,0.0,1,stock,,,
2020-05-12 09:30:00-04:00,MLTrader,9b47c03ae5b942309733b49a106262ef,SPY,buy,market,fill,1,gtc,0.0,1,stock,293.7900085449219,1.0,0.0
2020-05-13 09:30:00-04:00,MLTrader,73765eb6b93542edb835be99ab652630,SPY,buy,market,new,1,gtc,0.0,1,stock,,,
2020-05-13 09:30:00-04:00,MLTrader,73765eb6b93542edb835be99ab652630,SPY,buy,market,fill,1,gtc,0.0,1,stock,286.05999755859375,1.0,0.0
2020-05-14 09:30:00-04:00,MLTrader,c0b0f9d7471f4c1d9dee671297abaf3e,SPY,buy,market,new,1,gtc,0.0,1,stock,,,
2020-05-14 09:30:00-04:00,MLTrader,c0b0f9d7471f4c1d9dee671297abaf3e,SPY,buy,market,fill,1,gtc,0.0,1,stock,278.95001220703125,1.0,0.0
2020-05-15 09:30:00-04:00,MLTrader,a8843c8383224ecfbd363942b009c7cc,SPY,buy,market,new,1,gtc,0.0,1,stock,,,
2020-05-15 09:30:00-04:00,MLTrader,a8843c8383224ecfbd363942b009c7cc,SPY,buy,market,fill,1,gtc,0.0,1,stock,282.3699951171875,1.0,0.0
2020-05-18 09:30:00-04:00,MLTrader,9647840b790b4166a611453e4c73f8b2,SPY,buy,market,new,1,gtc,0.0,1,stock,,,
2020-05-18 09:30:00-04:00,MLTrader,9647840b790b4166a611453e4c73f8b2,SPY,buy,market,fill,1,gtc,0.0,1,stock,293.04998779296875,1.0,0.0
2020-05-19 09:30:00-04:00,MLTrader,70ebd11248ef4139920cf67927c3cbe6,SPY,buy,market,new,1,gtc,0.0,1,stock,,,
2020-05-19 09:30:00-04:00,MLTrader,70ebd11248ef4139920cf67927c3cbe6,SPY,buy,market,fill,1,gtc,0.0,1,stock,294.3500061035156,1.0,0.0
2020-05-20 09:30:00-04:00,MLTrader,d8c8cdb5443a4bf392e4193539c51d1c,SPY,buy,market,new,1,gtc,0.0,1,stock,,,
2020-05-20 09:30:00-04:00,MLTrader,d8c8cdb5443a4bf392e4193539c51d1c,SPY,buy,market,fill,1,gtc,0.0,1,stock,295.82000732421875,1.0,0.0
2020-05-21 09:30:00-04:00,MLTrader,f7b7f1cef3254ccf8a1bd81810c0c934,SPY,buy,market,new,1,gtc,0.0,1,stock,,,
2020-05-21 09:30:00-04:00,MLTrader,f7b7f1cef3254ccf8a1bd81810c0c934,SPY,buy,market,fill,1,gtc,0.0,1,stock,296.7900085449219,1.0,0.0
2020-05-22 09:30:00-04:00,MLTrader,48d1ed97735d4fbc893280c2af5a30ac,SPY,buy,market,new,1,gtc,0.0,1,stock,,,
2020-05-22 09:30:00-04:00,MLTrader,48d1ed97735d4fbc893280c2af5a30ac,SPY,buy,market,fill,1,gtc,0.0,1,stock,294.57000732421875,1.0,0.0
2020-05-26 09:30:00-04:00,MLTrader,dbce8435ef4a48f1bc9e67417197e449,SPY,buy,market,new,1,gtc,0.0,1,stock,,,
2020-05-26 09:30:00-04:00,MLTrader,dbce8435ef4a48f1bc9e67417197e449,SPY,buy,market,fill,1,gtc,0.0,1,stock,301.92999267578125,1.0,0.0
2020-05-27 09:30:00-04:00,MLTrader,e33f824c92d747b58922e7d475d9184b,SPY,buy,market,new,1,gtc,0.0,1,stock,,,
2020-05-27 09:30:00-04:00,MLTrader,e33f824c92d747b58922e7d475d9184b,SPY,buy,market,fill,1,gtc,0.0,1,stock,302.1199951171875,1.0,0.0
2020-05-28 09:30:00-04:00,MLTrader,6ad215c7439644f5a3667a5e46473b39,SPY,buy,market,new,1,gtc,0.0,1,stock,,,
2020-05-28 09:30:00-04:00,MLTrader,6ad215c7439644f5a3667a5e46473b39,SPY,buy,market,fill,1,gtc,0.0,1,stock,304.6499938964844,1.0,0.0
2020-05-29 09:30:00-04:00,MLTrader,a0e115fb5ba9419eaa642e78e2194490,SPY,buy,market,new,1,gtc,0.0,1,stock,,,
2020-05-29 09:30:00-04:00,MLTrader,a0e115fb5ba9419eaa642e78e2194490,SPY,buy,market,fill,1,gtc,0.0,1,stock,302.4599914550781,1.0,0.0
2020-06-01 09:30:00-04:00,MLTrader,bc26e9cf79794d1eaf7ff77d1f77dbb0,SPY,buy,market,new,1,gtc,0.0,1,stock,,,
2020-06-01 09:30:00-04:00,MLTrader,bc26e9cf79794d1eaf7ff77d1f77dbb0,SPY,buy,market,fill,1,gtc,0.0,1,stock,303.6199951171875,1.0,0.0
2020-06-02 09:30:00-04:00,MLTrader,b5b5103e45b141a0a60ca4b0be0898d4,SPY,buy,market,new,1,gtc,0.0,1,stock,,,
2020-06-02 09:30:00-04:00,MLTrader,b5b5103e45b141a0a60ca4b0be0898d4,SPY,buy,market,fill,1,gtc,0.0,1,stock,306.54998779296875,1.0,0.0
2020-06-03 09:30:00-04:00,MLTrader,0622267aadc54745918e8b47a537a7b2,SPY,buy,market,new,1,gtc,0.0,1,stock,,,
2020-06-03 09:30:00-04:00,MLTrader,0622267aadc54745918e8b47a537a7b2,SPY,buy,market,fill,1,gtc,0.0,1,stock,310.239990234375,1.0,0.0
2020-06-04 09:30:00-04:00,MLTrader,622e9383b7294e5291382ecf84f39aef,SPY,buy,market,new,1,gtc,0.0,1,stock,,,
2020-06-04 09:30:00-04:00,MLTrader,622e9383b7294e5291382ecf84f39aef,SPY,buy,market,fill,1,gtc,0.0,1,stock,311.1099853515625,1.0,0.0
2020-06-05 09:30:00-04:00,MLTrader,3ea0c24508414610bf0f9e7bc1f78473,SPY,buy,market,new,1,gtc,0.0,1,stock,,,
2020-06-05 09:30:00-04:00,MLTrader,3ea0c24508414610bf0f9e7bc1f78473,SPY,buy,market,fill,1,gtc,0.0,1,stock,317.2300109863281,1.0,0.0
2020-06-08 09:30:00-04:00,MLTrader,0e81de5a42ed446f833df7e1374d87e9,SPY,buy,market,new,1,gtc,0.0,1,stock,,,
2020-06-08 09:30:00-04:00,MLTrader,0e81de5a42ed446f833df7e1374d87e9,SPY,buy,market,fill,1,gtc,0.0,1,stock,320.2200012207031,1.0,0.0
2020-06-09 09:30:00-04:00,MLTrader,694983fbd70249db8fff676f68f863e5,SPY,buy,market,new,1,gtc,0.0,1,stock,,,
2020-06-09 09:30:00-04:00,MLTrader,694983fbd70249db8fff676f68f863e5,SPY,buy,market,fill,1,gtc,0.0,1,stock,320.29998779296875,1.0,0.0
2020-06-10 09:30:00-04:00,MLTrader,45b630981ae24aa9a0ddebf6c279e588,SPY,buy,market,new,1,gtc,0.0,1,stock,,,
2020-06-10 09:30:00-04:00,MLTrader,45b630981ae24aa9a0ddebf6c279e588,SPY,buy,market,fill,1,gtc,0.0,1,stock,321.4200134277344,1.0,0.0
2020-06-11 09:30:00-04:00,MLTrader,0ca7991dd18147e88df582a2e882093c,SPY,buy,market,new,1,gtc,0.0,1,stock,,,
2020-06-11 09:30:00-04:00,MLTrader,0ca7991dd18147e88df582a2e882093c,SPY,buy,market,fill,1,gtc,0.0,1,stock,311.4599914550781,1.0,0.0
2020-06-12 09:30:00-04:00,MLTrader,e2e032c19ace40ceb91194253107d8c0,SPY,buy,market,new,1,gtc,0.0,1,stock,,,
2020-06-12 09:30:00-04:00,MLTrader,e2e032c19ace40ceb91194253107d8c0,SPY,buy,market,fill,1,gtc,0.0,1,stock,308.239990234375,1.0,0.0
2020-06-15 09:30:00-04:00,MLTrader,fa472b391c9548c5a385fa4f8074a4ae,SPY,buy,market,new,1,gtc,0.0,1,stock,,,
2020-06-15 09:30:00-04:00,MLTrader,fa472b391c9548c5a385fa4f8074a4ae,SPY,buy,market,fill,1,gtc,0.0,1,stock,298.0199890136719,1.0,0.0
2020-06-16 09:30:00-04:00,MLTrader,e6adeaae7afb4b2dadaa7b44cb38bc38,SPY,buy,market,new,1,gtc,0.0,1,stock,,,
2020-06-16 09:30:00-04:00,MLTrader,e6adeaae7afb4b2dadaa7b44cb38bc38,SPY,buy,market,fill,1,gtc,0.0,1,stock,315.4800109863281,1.0,0.0
2020-06-17 09:30:00-04:00,MLTrader,f6331dfe85d7408abe71a2222b97078e,SPY,buy,market,new,1,gtc,0.0,1,stock,,,
2020-06-17 09:30:00-04:00,MLTrader,f6331dfe85d7408abe71a2222b97078e,SPY,buy,market,fill,1,gtc,0.0,1,stock,314.07000732421875,1.0,0.0
2020-06-18 09:30:00-04:00,MLTrader,c3a36879f4d140f29a1dfeb1013d01ab,SPY,buy,market,new,1,gtc,0.0,1,stock,,,
2020-06-18 09:30:00-04:00,MLTrader,c3a36879f4d140f29a1dfeb1013d01ab,SPY,buy,market,fill,1,gtc,0.0,1,stock,310.010009765625,1.0,0.0
2020-06-19 09:30:00-04:00,MLTrader,aa01f9705bff482c8f6e9fc266795f43,SPY,buy,market,new,1,gtc,0.0,1,stock,,,
2020-06-19 09:30:00-04:00,MLTrader,aa01f9705bff482c8f6e9fc266795f43,SPY,buy,market,fill,1,gtc,0.0,1,stock,314.1700134277344,1.0,0.0
2020-06-22 09:30:00-04:00,MLTrader,38e4c76ea58e48f596f736d511329685,SPY,buy,market,new,1,gtc,0.0,1,stock,,,
2020-06-22 09:30:00-04:00,MLTrader,38e4c76ea58e48f596f736d511329685,SPY,buy,market,fill,1,gtc,0.0,1,stock,307.989990234375,1.0,0.0
2020-06-23 09:30:00-04:00,MLTrader,8863fed572b54e8b83bc58d2b8a0d88b,SPY,buy,market,new,1,gtc,0.0,1,stock,,,
2020-06-23 09:30:00-04:00,MLTrader,8863fed572b54e8b83bc58d2b8a0d88b,SPY,buy,market,fill,1,gtc,0.0,1,stock,313.489990234375,1.0,0.0
2020-06-24 09:30:00-04:00,MLTrader,226f3fee135d479e85ad4cd3fbd85c8a,SPY,buy,market,new,1,gtc,0.0,1,stock,,,
2020-06-24 09:30:00-04:00,MLTrader,226f3fee135d479e85ad4cd3fbd85c8a,SPY,buy,market,fill,1,gtc,0.0,1,stock,309.8399963378906,1.0,0.0
2020-06-25 09:30:00-04:00,MLTrader,1fec415521d44bfc95fb284151a858be,SPY,buy,market,new,1,gtc,0.0,1,stock,,,
2020-06-25 09:30:00-04:00,MLTrader,1fec415521d44bfc95fb284151a858be,SPY,buy,market,fill,1,gtc,0.0,1,stock,303.4700012207031,1.0,0.0
2020-06-26 09:30:00-04:00,MLTrader,f7253a5a01df45fda372bac8aff9d7c4,SPY,buy,market,new,1,gtc,0.0,1,stock,,,
2020-06-26 09:30:00-04:00,MLTrader,f7253a5a01df45fda372bac8aff9d7c4,SPY,buy,market,fill,1,gtc,0.0,1,stock,306.1600036621094,1.0,0.0
2020-06-29 09:30:00-04:00,MLTrader,9d14fb7cc9144fa08ca103e2f19ad1b1,SPY,buy,market,new,1,gtc,0.0,1,stock,,,
2020-06-29 09:30:00-04:00,MLTrader,9d14fb7cc9144fa08ca103e2f19ad1b1,SPY,buy,market,fill,1,gtc,0.0,1,stock,301.4100036621094,1.0,0.0
2020-06-30 09:30:00-04:00,MLTrader,812e75641a6242eda3850b52b34b45e9,SPY,buy,market,new,1,gtc,0.0,1,stock,,,
2020-06-30 09:30:00-04:00,MLTrader,812e75641a6242eda3850b52b34b45e9,SPY,buy,market,fill,1,gtc,0.0,1,stock,303.989990234375,1.0,0.0
2020-07-01 09:30:00-04:00,MLTrader,fc0b4357afa44077af0189b49d388740,SPY,buy,market,new,1,gtc,0.0,1,stock,,,
2020-07-01 09:30:00-04:00,MLTrader,fc0b4357afa44077af0189b49d388740,SPY,buy,market,fill,1,gtc,0.0,1,stock,309.57000732421875,1.0,0.0
2020-07-02 09:30:00-04:00,MLTrader,b00a7bb7a7c04d958350f16ee12e85d3,SPY,buy,market,new,1,gtc,0.0,1,stock,,,
2020-07-02 09:30:00-04:00,MLTrader,b00a7bb7a7c04d958350f16ee12e85d3,SPY,buy,market,fill,1,gtc,0.0,1,stock,314.239990234375,1.0,0.0
2020-07-06 09:30:00-04:00,MLTrader,a0e1098bf55e41a48f2c9dd6e4b2a562,SPY,buy,market,new,1,gtc,0.0,1,stock,,,
2020-07-06 09:30:00-04:00,MLTrader,a0e1098bf55e41a48f2c9dd6e4b2a562,SPY,buy,market,fill,1,gtc,0.0,1,stock,316.3699951171875,1.0,0.0
2020-07-07 09:30:00-04:00,MLTrader,8e30483ff6894b9983e73ee0bb88d133,SPY,buy,market,new,1,gtc,0.0,1,stock,,,
2020-07-07 09:30:00-04:00,MLTrader,8e30483ff6894b9983e73ee0bb88d133,SPY,buy,market,fill,1,gtc,0.0,1,stock,315.3800048828125,1.0,0.0
2020-07-08 09:30:00-04:00,MLTrader,5768b62e39b54188823d084261bdd369,SPY,buy,market,new,1,gtc,0.0,1,stock,,,
2020-07-08 09:30:00-04:00,MLTrader,5768b62e39b54188823d084261bdd369,SPY,buy,market,fill,1,gtc,0.0,1,stock,314.6099853515625,1.0,0.0
2020-07-09 09:30:00-04:00,MLTrader,df04b787e5ec4d948318ea8943d38cf5,SPY,buy,market,new,1,gtc,0.0,1,stock,,,
2020-07-09 09:30:00-04:00,MLTrader,df04b787e5ec4d948318ea8943d38cf5,SPY,buy,market,fill,1,gtc,0.0,1,stock,316.8399963378906,1.0,0.0
2020-07-10 09:30:00-04:00,MLTrader,ca8a5ccf8f214aecbae49f4478b9931c,SPY,buy,market,new,1,gtc,0.0,1,stock,,,
2020-07-10 09:30:00-04:00,MLTrader,ca8a5ccf8f214aecbae49f4478b9931c,SPY,buy,market,fill,1,gtc,0.0,1,stock,314.30999755859375,1.0,0.0
2020-07-13 09:30:00-04:00,MLTrader,6b320ba5015743699a52fe12bbe1d005,SPY,buy,market,new,1,gtc,0.0,1,stock,,,
2020-07-13 09:30:00-04:00,MLTrader,6b320ba5015743699a52fe12bbe1d005,SPY,buy,market,fill,1,gtc,0.0,1,stock,320.1300048828125,1.0,0.0
2020-07-14 09:30:00-04:00,MLTrader,1a25c57cf6ac4c20bd751cda24805386,SPY,buy,market,new,1,gtc,0.0,1,stock,,,
2020-07-14 09:30:00-04:00,MLTrader,1a25c57cf6ac4c20bd751cda24805386,SPY,buy,market,fill,1,gtc,0.0,1,stock,313.29998779296875,1.0,0.0
2020-07-15 09:30:00-04:00,MLTrader,d8b9c2237018449ebf8587b2325acfb7,SPY,buy,market,new,1,gtc,0.0,1,stock,,,
2020-07-15 09:30:00-04:00,MLTrader,d8b9c2237018449ebf8587b2325acfb7,SPY,buy,market,fill,1,gtc,0.0,1,stock,322.4100036621094,1.0,0.0
2020-07-16 09:30:00-04:00,MLTrader,3c660cb1a38944d0a56135719c68a1ad,SPY,buy,market,new,1,gtc,0.0,1,stock,,,
2020-07-16 09:30:00-04:00,MLTrader,3c660cb1a38944d0a56135719c68a1ad,SPY,buy,market,fill,1,gtc,0.0,1,stock,319.7900085449219,1.0,0.0
2020-07-17 09:30:00-04:00,MLTrader,91ac361da7a24255a1e7fa9373d1640b,SPY,buy,market,new,1,gtc,0.0,1,stock,,,
2020-07-17 09:30:00-04:00,MLTrader,91ac361da7a24255a1e7fa9373d1640b,SPY,buy,market,fill,1,gtc,0.0,1,stock,321.8800048828125,1.0,0.0
2020-07-20 09:30:00-04:00,MLTrader,564aebe7b72e4836b3f15ac1ae2d69ba,SPY,buy,market,new,1,gtc,0.0,1,stock,,,
2020-07-20 09:30:00-04:00,MLTrader,564aebe7b72e4836b3f15ac1ae2d69ba,SPY,buy,market,fill,1,gtc,0.0,1,stock,321.42999267578125,1.0,0.0
2020-07-21 09:30:00-04:00,MLTrader,8e6e034a110c4b4dbcdb8d4ceeacb5ae,SPY,buy,market,new,1,gtc,0.0,1,stock,,,
2020-07-21 09:30:00-04:00,MLTrader,8e6e034a110c4b4dbcdb8d4ceeacb5ae,SPY,buy,market,fill,1,gtc,0.0,1,stock,326.45001220703125,1.0,0.0
2020-07-22 09:30:00-04:00,MLTrader,9338f3922ad44a6cb48a58f0a5f3a1ea,SPY,buy,market,new,1,gtc,0.0,1,stock,,,
2020-07-22 09:30:00-04:00,MLTrader,9338f3922ad44a6cb48a58f0a5f3a1ea,SPY,buy,market,fill,1,gtc,0.0,1,stock,324.6199951171875,1.0,0.0
2020-07-23 09:30:00-04:00,MLTrader,378d30be3ae94b2eb035726e7be535fc,SPY,buy,market,new,1,gtc,0.0,1,stock,,,
2020-07-23 09:30:00-04:00,MLTrader,378d30be3ae94b2eb035726e7be535fc,SPY,buy,market,fill,1,gtc,0.0,1,stock,326.4700012207031,1.0,0.0
2020-07-24 09:30:00-04:00,MLTrader,1fcc49de3a66443f85be6b2c081d4eb7,SPY,buy,market,new,1,gtc,0.0,1,stock,,,
2020-07-24 09:30:00-04:00,MLTrader,1fcc49de3a66443f85be6b2c081d4eb7,SPY,buy,market,fill,1,gtc,0.0,1,stock,320.95001220703125,1.0,0.0
2020-07-27 09:30:00-04:00,MLTrader,6b636660a9724d4aa02b0fb7afe6c717,SPY,buy,market,new,1,gtc,0.0,1,stock,,,
2020-07-27 09:30:00-04:00,MLTrader,6b636660a9724d4aa02b0fb7afe6c717,SPY,buy,market,fill,1,gtc,0.0,1,stock,321.6300048828125,1.0,0.0
2020-07-28 09:30:00-04:00,MLTrader,29961d5fce294a02973ab7f89105acad,SPY,buy,market,new,1,gtc,0.0,1,stock,,,
2020-07-28 09:30:00-04:00,MLTrader,29961d5fce294a02973ab7f89105acad,SPY,buy,market,fill,1,gtc,0.0,1,stock,322.42999267578125,1.0,0.0
2020-07-29 09:30:00-04:00,MLTrader,78d34db4283c48a7be1a7a20e6dea748,SPY,buy,market,new,1,gtc,0.0,1,stock,,,
2020-07-29 09:30:00-04:00,MLTrader,78d34db4283c48a7be1a7a20e6dea748,SPY,buy,market,fill,1,gtc,0.0,1,stock,322.1199951171875,1.0,0.0
2020-07-30 09:30:00-04:00,MLTrader,76e7a70122214703b0a1f13b2a5e752e,SPY,buy,market,new,1,gtc,0.0,1,stock,,,
2020-07-30 09:30:00-04:00,MLTrader,76e7a70122214703b0a1f13b2a5e752e,SPY,buy,market,fill,1,gtc,0.0,1,stock,321.8999938964844,1.0,0.0
2020-07-31 09:30:00-04:00,MLTrader,a63d2145d0ba4858b281dfba9d11c8d6,SPY,buy,market,new,1,gtc,0.0,1,stock,,,
2020-07-31 09:30:00-04:00,MLTrader,a63d2145d0ba4858b281dfba9d11c8d6,SPY,buy,market,fill,1,gtc,0.0,1,stock,325.8999938964844,1.0,0.0
2020-08-03 09:30:00-04:00,MLTrader,47c485477acb497785d70a3495b11d6f,SPY,buy,market,new,1,gtc,0.0,1,stock,,,
2020-08-03 09:30:00-04:00,MLTrader,47c485477acb497785d70a3495b11d6f,SPY,buy,market,fill,1,gtc,0.0,1,stock,328.32000732421875,1.0,0.0
2020-08-04 09:30:00-04:00,MLTrader,492e3dab6fd54b4a82373e9bf37a1397,SPY,buy,market,new,1,gtc,0.0,1,stock,,,
2020-08-04 09:30:00-04:00,MLTrader,492e3dab6fd54b4a82373e9bf37a1397,SPY,buy,market,fill,1,gtc,0.0,1,stock,327.8599853515625,1.0,0.0
2020-08-05 09:30:00-04:00,MLTrader,2d8a8a517ace4928973638a41173d532,SPY,buy,market,new,1,gtc,0.0,1,stock,,,
2020-08-05 09:30:00-04:00,MLTrader,2d8a8a517ace4928973638a41173d532,SPY,buy,market,fill,1,gtc,0.0,1,stock,331.4700012207031,1.0,0.0
2020-08-06 09:30:00-04:00,MLTrader,8d6fd8a1f14843e0a61005fc46b8f294,SPY,buy,market,new,1,gtc,0.0,1,stock,,,
2020-08-06 09:30:00-04:00,MLTrader,8d6fd8a1f14843e0a61005fc46b8f294,SPY,buy,market,fill,1,gtc,0.0,1,stock,331.4800109863281,1.0,0.0
2020-08-07 09:30:00-04:00,MLTrader,5a2b09e8b07e43a8a5c3e08f4b0ed98b,SPY,buy,market,new,1,gtc,0.0,1,stock,,,
2020-08-07 09:30:00-04:00,MLTrader,5a2b09e8b07e43a8a5c3e08f4b0ed98b,SPY,buy,market,fill,1,gtc,0.0,1,stock,333.2799987792969,1.0,0.0
2020-08-10 09:30:00-04:00,MLTrader,64a75d2545034cfa9c2c373521f49dfe,SPY,buy,market,new,1,gtc,0.0,1,stock,,,
2020-08-10 09:30:00-04:00,MLTrader,64a75d2545034cfa9c2c373521f49dfe,SPY,buy,market,fill,1,gtc,0.0,1,stock,335.05999755859375,1.0,0.0
2020-08-11 09:30:00-04:00,MLTrader,c66268de728446c9b95ccde003003cfa,SPY,buy,market,new,1,gtc,0.0,1,stock,,,
2020-08-11 09:30:00-04:00,MLTrader,c66268de728446c9b95ccde003003cfa,SPY,buy,market,fill,1,gtc,0.0,1,stock,336.8500061035156,1.0,0.0
2020-08-12 09:30:00-04:00,MLTrader,8d58bd97d503438989b0b3560d506167,SPY,buy,market,new,1,gtc,0.0,1,stock,,,
2020-08-12 09:30:00-04:00,MLTrader,8d58bd97d503438989b0b3560d506167,SPY,buy,market,fill,1,gtc,0.0,1,stock,335.44000244140625,1.0,0.0
2020-08-13 09:30:00-04:00,MLTrader,96fd786840584e24a92159d7fb2db05d,SPY,buy,market,new,1,gtc,0.0,1,stock,,,
2020-08-13 09:30:00-04:00,MLTrader,96fd786840584e24a92159d7fb2db05d,SPY,buy,market,fill,1,gtc,0.0,1,stock,336.6099853515625,1.0,0.0
2020-08-14 09:30:00-04:00,MLTrader,0efd8dae84d74c4882996882f13c0135,SPY,buy,market,new,1,gtc,0.0,1,stock,,,
2020-08-14 09:30:00-04:00,MLTrader,0efd8dae84d74c4882996882f13c0135,SPY,buy,market,fill,1,gtc,0.0,1,stock,336.4100036621094,1.0,0.0
2020-08-17 09:30:00-04:00,MLTrader,e9e3bd8ce1af426a9fa8ae12623e9c64,SPY,buy,market,new,1,gtc,0.0,1,stock,,,
2020-08-17 09:30:00-04:00,MLTrader,e9e3bd8ce1af426a9fa8ae12623e9c64,SPY,buy,market,fill,1,gtc,0.0,1,stock,337.94000244140625,1.0,0.0
2020-08-18 09:30:00-04:00,MLTrader,a294efaedf2345208b0d5d7c36389f77,SPY,buy,market,new,1,gtc,0.0,1,stock,,,
2020-08-18 09:30:00-04:00,MLTrader,a294efaedf2345208b0d5d7c36389f77,SPY,buy,market,fill,1,gtc,0.0,1,stock,338.3399963378906,1.0,0.0
2020-08-19 09:30:00-04:00,MLTrader,4f101677f9884ce7a2910b03da008bfe,SPY,buy,market,new,1,gtc,0.0,1,stock,,,
2020-08-19 09:30:00-04:00,MLTrader,4f101677f9884ce7a2910b03da008bfe,SPY,buy,market,fill,1,gtc,0.0,1,stock,339.04998779296875,1.0,0.0
2020-08-20 09:30:00-04:00,MLTrader,2143aeed4deb4feaa978bad274bcb8e5,SPY,buy,market,new,1,gtc,0.0,1,stock,,,
2020-08-20 09:30:00-04:00,MLTrader,2143aeed4deb4feaa978bad274bcb8e5,SPY,buy,market,fill,1,gtc,0.0,1,stock,335.3599853515625,1.0,0.0
2020-08-21 09:30:00-04:00,MLTrader,d7d1631dbb634eafaf45fdb2c42dd194,SPY,buy,market,new,1,gtc,0.0,1,stock,,,
2020-08-21 09:30:00-04:00,MLTrader,d7d1631dbb634eafaf45fdb2c42dd194,SPY,buy,market,fill,1,gtc,0.0,1,stock,337.9200134277344,1.0,0.0
2020-08-24 09:30:00-04:00,MLTrader,b6389d61957c424e9d712806b788239d,SPY,buy,market,new,1,gtc,0.0,1,stock,,,
2020-08-24 09:30:00-04:00,MLTrader,b6389d61957c424e9d712806b788239d,SPY,buy,market,fill,1,gtc,0.0,1,stock,342.1199951171875,1.0,0.0
2020-08-25 09:30:00-04:00,MLTrader,c14e296a969f4e33bf2c6bbac41addba,SPY,buy,market,new,1,gtc,0.0,1,stock,,,
2020-08-25 09:30:00-04:00,MLTrader,c14e296a969f4e33bf2c6bbac41addba,SPY,buy,market,fill,1,gtc,0.0,1,stock,343.5299987792969,1.0,0.0
2020-08-26 09:30:00-04:00,MLTrader,6572f511251c420f94268f005f28b5dc,SPY,buy,market,new,1,gtc,0.0,1,stock,,,
2020-08-26 09:30:00-04:00,MLTrader,6572f511251c420f94268f005f28b5dc,SPY,buy,market,fill,1,gtc,0.0,1,stock,344.760009765625,1.0,0.0
2020-08-27 09:30:00-04:00,MLTrader,c2a6a7e1941647e297b298314358b5f3,SPY,buy,market,new,1,gtc,0.0,1,stock,,,
2020-08-27 09:30:00-04:00,MLTrader,c2a6a7e1941647e297b298314358b5f3,SPY,buy,market,fill,1,gtc,0.0,1,stock,348.510009765625,1.0,0.0
2020-08-28 09:30:00-04:00,MLTrader,783c1f8c943046d3b31a7de0df8356d0,SPY,buy,market,new,1,gtc,0.0,1,stock,,,
2020-08-28 09:30:00-04:00,MLTrader,783c1f8c943046d3b31a7de0df8356d0,SPY,buy,market,fill,1,gtc,0.0,1,stock,349.44000244140625,1.0,0.0
2020-08-31 09:30:00-04:00,MLTrader,a741cc4717214c16975aff1f9837a88c,SPY,buy,market,new,1,gtc,0.0,1,stock,,,
2020-08-31 09:30:00-04:00,MLTrader,a741cc4717214c16975aff1f9837a88c,SPY,buy,market,fill,1,gtc,0.0,1,stock,350.3500061035156,1.0,0.0
2020-09-01 09:30:00-04:00,MLTrader,85192be760af49f0a1051d444c649bb2,SPY,buy,market,new,1,gtc,0.0,1,stock,,,
2020-09-01 09:30:00-04:00,MLTrader,85192be760af49f0a1051d444c649bb2,SPY,buy,market,fill,1,gtc,0.0,1,stock,350.2099914550781,1.0,0.0
2020-09-02 09:30:00-04:00,MLTrader,bd1cbfcc73074724a29c2d7adca43432,SPY,buy,market,new,1,gtc,0.0,1,stock,,,
2020-09-02 09:30:00-04:00,MLTrader,bd1cbfcc73074724a29c2d7adca43432,SPY,buy,market,fill,1,gtc,0.0,1,stock,354.6700134277344,1.0,0.0
2020-09-03 09:30:00-04:00,MLTrader,27f5a890ab8d4ec3ac2dda83c137fb23,SPY,buy,market,new,1,gtc,0.0,1,stock,,,
2020-09-03 09:30:00-04:00,MLTrader,27f5a890ab8d4ec3ac2dda83c137fb23,SPY,buy,market,fill,1,gtc,0.0,1,stock,355.8699951171875,1.0,0.0
2020-09-04 09:30:00-04:00,MLTrader,f2326e2429554b08bdac74204cd31cf1,SPY,buy,market,new,1,gtc,0.0,1,stock,,,
2020-09-04 09:30:00-04:00,MLTrader,f2326e2429554b08bdac74204cd31cf1,SPY,buy,market,fill,1,gtc,0.0,1,stock,346.1300048828125,1.0,0.0
2020-09-08 09:30:00-04:00,MLTrader,d1f5b55a5c9d48e2b5d64331f28df848,SPY,buy,market,new,1,gtc,0.0,1,stock,,,
2020-09-08 09:30:00-04:00,MLTrader,d1f5b55a5c9d48e2b5d64331f28df848,SPY,buy,market,fill,1,gtc,0.0,1,stock,336.7099914550781,1.0,0.0
2020-09-09 09:30:00-04:00,MLTrader,b6444201bdb64f3db436b4af2c2eae10,SPY,buy,market,new,1,gtc,0.0,1,stock,,,
2020-09-09 09:30:00-04:00,MLTrader,b6444201bdb64f3db436b4af2c2eae10,SPY,buy,market,fill,1,gtc,0.0,1,stock,337.54998779296875,1.0,0.0
2020-09-10 09:30:00-04:00,MLTrader,9ebf2bdbf1b648de994c264709e8573c,SPY,buy,market,new,1,gtc,0.0,1,stock,,,
2020-09-10 09:30:00-04:00,MLTrader,9ebf2bdbf1b648de994c264709e8573c,SPY,buy,market,fill,1,gtc,0.0,1,stock,341.82000732421875,1.0,0.0
2020-09-11 09:30:00-04:00,MLTrader,db87d2054271467e9ccd50d22ca3dc33,SPY,buy,market,new,1,gtc,0.0,1,stock,,,
2020-09-11 09:30:00-04:00,MLTrader,db87d2054271467e9ccd50d22ca3dc33,SPY,buy,market,fill,1,gtc,0.0,1,stock,335.82000732421875,1.0,0.0
2020-09-14 09:30:00-04:00,MLTrader,149d79fde9824744a5843faf03dff247,SPY,buy,market,new,1,gtc,0.0,1,stock,,,
2020-09-14 09:30:00-04:00,MLTrader,149d79fde9824744a5843faf03dff247,SPY,buy,market,fill,1,gtc,0.0,1,stock,337.489990234375,1.0,0.0
2020-09-15 09:30:00-04:00,MLTrader,86619172789a46099a23c5e5b4c82c04,SPY,buy,market,new,1,gtc,0.0,1,stock,,,
2020-09-15 09:30:00-04:00,MLTrader,86619172789a46099a23c5e5b4c82c04,SPY,buy,market,fill,1,gtc,0.0,1,stock,341.1199951171875,1.0,0.0
2020-09-16 09:30:00-04:00,MLTrader,20e22ec921434140856ae3748e2283b7,SPY,buy,market,new,1,gtc,0.0,1,stock,,,
2020-09-16 09:30:00-04:00,MLTrader,20e22ec921434140856ae3748e2283b7,SPY,buy,market,fill,1,gtc,0.0,1,stock,341.510009765625,1.0,0.0
2020-09-17 09:30:00-04:00,MLTrader,1bd8bed82d694751a4ab5094506c0716,SPY,buy,market,new,1,gtc,0.0,1,stock,,,
2020-09-17 09:30:00-04:00,MLTrader,1bd8bed82d694751a4ab5094506c0716,SPY,buy,market,fill,1,gtc,0.0,1,stock,333.55999755859375,1.0,0.0
2020-09-18 09:30:00-04:00,MLTrader,da752900121e40189ddfa382e19f3194,SPY,buy,market,new,1,gtc,0.0,1,stock,,,
2020-09-18 09:30:00-04:00,MLTrader,da752900121e40189ddfa382e19f3194,SPY,buy,market,fill,1,gtc,0.0,1,stock,335.3699951171875,1.0,0.0
2020-09-21 09:30:00-04:00,MLTrader,e729cdee99e24db7964726fbb175ce2d,SPY,buy,market,new,1,gtc,0.0,1,stock,,,
2020-09-21 09:30:00-04:00,MLTrader,e729cdee99e24db7964726fbb175ce2d,SPY,buy,market,fill,1,gtc,0.0,1,stock,325.70001220703125,1.0,0.0
2020-09-22 09:30:00-04:00,MLTrader,86417eb3a416461faa3fd2cc1b3344fe,SPY,buy,market,new,1,gtc,0.0,1,stock,,,
2020-09-22 09:30:00-04:00,MLTrader,86417eb3a416461faa3fd2cc1b3344fe,SPY,buy,market,fill,1,gtc,0.0,1,stock,328.57000732421875,1.0,0.0
2020-09-23 09:30:00-04:00,MLTrader,82f6b6b312a14061b4b682b3e85cd9a1,SPY,buy,market,new,1,gtc,0.0,1,stock,,,
2020-09-23 09:30:00-04:00,MLTrader,82f6b6b312a14061b4b682b3e85cd9a1,SPY,buy,market,fill,1,gtc,0.0,1,stock,330.8999938964844,1.0,0.0
2020-09-24 09:30:00-04:00,MLTrader,021a688a19454b2e983607f406632231,SPY,buy,market,new,1,gtc,0.0,1,stock,,,
2020-09-24 09:30:00-04:00,MLTrader,021a688a19454b2e983607f406632231,SPY,buy,market,fill,1,gtc,0.0,1,stock,321.2200012207031,1.0,0.0
2020-09-25 09:30:00-04:00,MLTrader,fedd7eff0b534760950834f636c83763,SPY,buy,market,new,1,gtc,0.0,1,stock,,,
2020-09-25 09:30:00-04:00,MLTrader,fedd7eff0b534760950834f636c83763,SPY,buy,market,fill,1,gtc,0.0,1,stock,322.5799865722656,1.0,0.0
2020-09-28 09:30:00-04:00,MLTrader,c0d982a788d446c89e37c8f584ace471,SPY,buy,market,new,1,gtc,0.0,1,stock,,,
2020-09-28 09:30:00-04:00,MLTrader,c0d982a788d446c89e37c8f584ace471,SPY,buy,market,fill,1,gtc,0.0,1,stock,333.2200012207031,1.0,0.0
2020-09-29 09:30:00-04:00,MLTrader,d00de7404dff49bd958ffceb6d22526b,SPY,buy,market,new,1,gtc,0.0,1,stock,,,
2020-09-29 09:30:00-04:00,MLTrader,d00de7404dff49bd958ffceb6d22526b,SPY,buy,market,fill,1,gtc,0.0,1,stock,333.9700012207031,1.0,0.0
2020-09-30 09:30:00-04:00,MLTrader,e45da51c5244490a8e7e5c096a64dbf9,SPY,buy,market,new,1,gtc,0.0,1,stock,,,
2020-09-30 09:30:00-04:00,MLTrader,e45da51c5244490a8e7e5c096a64dbf9,SPY,buy,market,fill,1,gtc,0.0,1,stock,333.0899963378906,1.0,0.0
2020-10-01 09:30:00-04:00,MLTrader,97126fe6ebe14ed0b0092306bd2dc227,SPY,buy,market,new,1,gtc,0.0,1,stock,,,
2020-10-01 09:30:00-04:00,MLTrader,97126fe6ebe14ed0b0092306bd2dc227,SPY,buy,market,fill,1,gtc,0.0,1,stock,337.69000244140625,1.0,0.0
2020-10-02 09:30:00-04:00,MLTrader,32229852233b4173a79163d5c89a7ed4,SPY,buy,market,new,1,gtc,0.0,1,stock,,,
2020-10-02 09:30:00-04:00,MLTrader,32229852233b4173a79163d5c89a7ed4,SPY,buy,market,fill,1,gtc,0.0,1,stock,331.70001220703125,1.0,0.0
2020-10-05 09:30:00-04:00,MLTrader,1ebfd105deaf48cca109f3a977bbdedf,SPY,buy,market,new,1,gtc,0.0,1,stock,,,
2020-10-05 09:30:00-04:00,MLTrader,1ebfd105deaf48cca109f3a977bbdedf,SPY,buy,market,fill,1,gtc,0.0,1,stock,336.05999755859375,1.0,0.0
2020-10-06 09:30:00-04:00,MLTrader,e9236fd2318a431ca237050e9d0dc75d,SPY,buy,market,new,1,gtc,0.0,1,stock,,,
2020-10-06 09:30:00-04:00,MLTrader,e9236fd2318a431ca237050e9d0dc75d,SPY,buy,market,fill,1,gtc,0.0,1,stock,339.9100036621094,1.0,0.0
2020-10-07 09:30:00-04:00,MLTrader,0a130fa091604421bd5f36e8fbecaf15,SPY,buy,market,new,1,gtc,0.0,1,stock,,,
2020-10-07 09:30:00-04:00,MLTrader,0a130fa091604421bd5f36e8fbecaf15,SPY,buy,market,fill,1,gtc,0.0,1,stock,338.1199951171875,1.0,0.0
2020-10-08 09:30:00-04:00,MLTrader,9e495d90f3ff47be96a59e06a16e5e60,SPY,buy,market,new,1,gtc,0.0,1,stock,,,
2020-10-08 09:30:00-04:00,MLTrader,9e495d90f3ff47be96a59e06a16e5e60,SPY,buy,market,fill,1,gtc,0.0,1,stock,342.8500061035156,1.0,0.0
2020-10-09 09:30:00-04:00,MLTrader,6fcca2eb32ff4ae58d0005008c89473a,SPY,buy,market,new,1,gtc,0.0,1,stock,,,
2020-10-09 09:30:00-04:00,MLTrader,6fcca2eb32ff4ae58d0005008c89473a,SPY,buy,market,fill,1,gtc,0.0,1,stock,345.55999755859375,1.0,0.0
2020-10-12 09:30:00-04:00,MLTrader,24dce90c20774b25804331e171c34784,SPY,buy,market,new,1,gtc,0.0,1,stock,,,
2020-10-12 09:30:00-04:00,MLTrader,24dce90c20774b25804331e171c34784,SPY,buy,market,fill,1,gtc,0.0,1,stock,349.5899963378906,1.0,0.0
2020-10-13 09:30:00-04:00,MLTrader,e970dc2f62ca49d18f0f05d91f0c103a,SPY,buy,market,new,1,gtc,0.0,1,stock,,,
2020-10-13 09:30:00-04:00,MLTrader,e970dc2f62ca49d18f0f05d91f0c103a,SPY,buy,market,fill,1,gtc,0.0,1,stock,352.2799987792969,1.0,0.0
2020-10-14 09:30:00-04:00,MLTrader,2927d7430ec84004a922f236ba46f345,SPY,buy,market,new,1,gtc,0.0,1,stock,,,
2020-10-14 09:30:00-04:00,MLTrader,2927d7430ec84004a922f236ba46f345,SPY,buy,market,fill,1,gtc,0.0,1,stock,350.75,1.0,0.0
2020-10-15 09:30:00-04:00,MLTrader,b9050b0836784cb79a06a49c28ff5a05,SPY,buy,market,new,1,gtc,0.0,1,stock,,,
2020-10-15 09:30:00-04:00,MLTrader,b9050b0836784cb79a06a49c28ff5a05,SPY,buy,market,fill,1,gtc,0.0,1,stock,343.7099914550781,1.0,0.0
2020-10-16 09:30:00-04:00,MLTrader,56b8c990ae2a415984bd1c9f5912a7fc,SPY,buy,market,new,1,gtc,0.0,1,stock,,,
2020-10-16 09:30:00-04:00,MLTrader,56b8c990ae2a415984bd1c9f5912a7fc,SPY,buy,market,fill,1,gtc,0.0,1,stock,348.9599914550781,1.0,0.0
2020-10-19 09:30:00-04:00,MLTrader,735f3c2898b84b05ab718aa7e656b04e,SPY,buy,market,new,1,gtc,0.0,1,stock,,,
2020-10-19 09:30:00-04:00,MLTrader,735f3c2898b84b05ab718aa7e656b04e,SPY,buy,market,fill,1,gtc,0.0,1,stock,348.6499938964844,1.0,0.0
2020-10-20 09:30:00-04:00,MLTrader,035f8186cce94139a743f333f513c51c,SPY,buy,market,new,1,gtc,0.0,1,stock,,,
2020-10-20 09:30:00-04:00,MLTrader,035f8186cce94139a743f333f513c51c,SPY,buy,market,fill,1,gtc,0.0,1,stock,343.4599914550781,1.0,0.0
2020-10-21 09:30:00-04:00,MLTrader,05aaca5aef3f44bd826cf8b8c707143a,SPY,buy,market,new,1,gtc,0.0,1,stock,,,
2020-10-21 09:30:00-04:00,MLTrader,05aaca5aef3f44bd826cf8b8c707143a,SPY,buy,market,fill,1,gtc,0.0,1,stock,343.3299865722656,1.0,0.0
2020-10-22 09:30:00-04:00,MLTrader,03ae0383f2394b62a05dc02a2402c1ed,SPY,buy,market,new,1,gtc,0.0,1,stock,,,
2020-10-22 09:30:00-04:00,MLTrader,03ae0383f2394b62a05dc02a2402c1ed,SPY,buy,market,fill,1,gtc,0.0,1,stock,342.9599914550781,1.0,0.0
2020-10-23 09:30:00-04:00,MLTrader,269822424a4e455fa30673be739ce0c7,SPY,buy,market,new,1,gtc,0.0,1,stock,,,
2020-10-23 09:30:00-04:00,MLTrader,269822424a4e455fa30673be739ce0c7,SPY,buy,market,fill,1,gtc,0.0,1,stock,345.92999267578125,1.0,0.0
2020-10-26 09:30:00-04:00,MLTrader,2a9262c39fb04f60aa04ba321e1e58f2,SPY,buy,market,new,1,gtc,0.0,1,stock,,,
2020-10-26 09:30:00-04:00,MLTrader,2a9262c39fb04f60aa04ba321e1e58f2,SPY,buy,market,fill,1,gtc,0.0,1,stock,342.1300048828125,1.0,0.0
2020-10-27 09:30:00-04:00,MLTrader,0e0a3ad9bb8344ac8eeec08737e685d4,SPY,buy,market,new,1,gtc,0.0,1,stock,,,
2020-10-27 09:30:00-04:00,MLTrader,0e0a3ad9bb8344ac8eeec08737e685d4,SPY,buy,market,fill,1,gtc,0.0,1,stock,339.760009765625,1.0,0.0
2020-10-28 09:30:00-04:00,MLTrader,0ef8893dc266490d9306c2f9ccd92b4e,SPY,buy,market,new,1,gtc,0.0,1,stock,,,
2020-10-28 09:30:00-04:00,MLTrader,0ef8893dc266490d9306c2f9ccd92b4e,SPY,buy,market,fill,1,gtc,0.0,1,stock,332.1000061035156,1.0,0.0
2020-10-29 09:30:00-04:00,MLTrader,3fcc2552ae534f74bd521fe6ba2a430e,SPY,buy,market,new,1,gtc,0.0,1,stock,,,
2020-10-29 09:30:00-04:00,MLTrader,3fcc2552ae534f74bd521fe6ba2a430e,SPY,buy,market,fill,1,gtc,0.0,1,stock,326.9100036621094,1.0,0.0
2020-10-30 09:30:00-04:00,MLTrader,c2a41722ff1244eb91e4be701911d1c8,SPY,buy,market,new,1,gtc,0.0,1,stock,,,
2020-10-30 09:30:00-04:00,MLTrader,c2a41722ff1244eb91e4be701911d1c8,SPY,buy,market,fill,1,gtc,0.0,1,stock,328.2799987792969,1.0,0.0
2020-11-02 09:30:00-05:00,MLTrader,90d620971a9749e9bd8264050ed6193a,SPY,buy,market,new,1,gtc,0.0,1,stock,,,
2020-11-02 09:30:00-05:00,MLTrader,90d620971a9749e9bd8264050ed6193a,SPY,buy,market,fill,1,gtc,0.0,1,stock,330.20001220703125,1.0,0.0
2020-11-03 09:30:00-05:00,MLTrader,936e60f09c7b45f09907af972b4d2519,SPY,buy,market,new,1,gtc,0.0,1,stock,,,
2020-11-03 09:30:00-05:00,MLTrader,936e60f09c7b45f09907af972b4d2519,SPY,buy,market,fill,1,gtc,0.0,1,stock,333.69000244140625,1.0,0.0
2020-11-04 09:30:00-05:00,MLTrader,da8c54fe7ff442809fa35fe94200a5f6,SPY,buy,market,new,1,gtc,0.0,1,stock,,,
2020-11-04 09:30:00-05:00,MLTrader,da8c54fe7ff442809fa35fe94200a5f6,SPY,buy,market,fill,1,gtc,0.0,1,stock,340.8599853515625,1.0,0.0
2020-11-05 09:30:00-05:00,MLTrader,137ff7eb939f459f9286227eed2db506,SPY,buy,market,new,1,gtc,0.0,1,stock,,,
2020-11-05 09:30:00-05:00,MLTrader,137ff7eb939f459f9286227eed2db506,SPY,buy,market,fill,1,gtc,0.0,1,stock,349.239990234375,1.0,0.0
2020-11-06 09:30:00-05:00,MLTrader,2e6425c66022476c8c4a45d7a11cae9c,SPY,buy,market,new,1,gtc,0.0,1,stock,,,
2020-11-06 09:30:00-05:00,MLTrader,2e6425c66022476c8c4a45d7a11cae9c,SPY,buy,market,fill,1,gtc,0.0,1,stock,349.92999267578125,1.0,0.0
2020-11-09 09:30:00-05:00,MLTrader,ea755f66db244974a2fe781a39156e3c,SPY,buy,market,new,1,gtc,0.0,1,stock,,,
2020-11-09 09:30:00-05:00,MLTrader,ea755f66db244974a2fe781a39156e3c,SPY,buy,market,fill,1,gtc,0.0,1,stock,363.9700012207031,1.0,0.0
2020-11-10 09:30:00-05:00,MLTrader,b47ccad0a689428baa54d8004ca649e1,SPY,buy,market,new,1,gtc,0.0,1,stock,,,
2020-11-10 09:30:00-05:00,MLTrader,b47ccad0a689428baa54d8004ca649e1,SPY,buy,market,fill,1,gtc,0.0,1,stock,353.489990234375,1.0,0.0
2020-11-11 09:30:00-05:00,MLTrader,cdf2277db88445728741b1dfd8c86ef7,SPY,buy,market,new,1,gtc,0.0,1,stock,,,
2020-11-11 09:30:00-05:00,MLTrader,cdf2277db88445728741b1dfd8c86ef7,SPY,buy,market,fill,1,gtc,0.0,1,stock,356.3999938964844,1.0,0.0
2020-11-12 09:30:00-05:00,MLTrader,e2ccb7131b1e4e23bbde17f06f94ddaa,SPY,buy,market,new,1,gtc,0.0,1,stock,,,
2020-11-12 09:30:00-05:00,MLTrader,e2ccb7131b1e4e23bbde17f06f94ddaa,SPY,buy,market,fill,1,gtc,0.0,1,stock,355.5799865722656,1.0,0.0
2020-11-13 09:30:00-05:00,MLTrader,be01992ae11c4150806d3d88acecc48d,SPY,buy,market,new,1,gtc,0.0,1,stock,,,
2020-11-13 09:30:00-05:00,MLTrader,be01992ae11c4150806d3d88acecc48d,SPY,buy,market,fill,1,gtc,0.0,1,stock,355.2699890136719,1.0,0.0
2020-11-16 09:30:00-05:00,MLTrader,0294aca707b940c39df54ce74e94985a,SPY,buy,market,new,1,gtc,0.0,1,stock,,,
2020-11-16 09:30:00-05:00,MLTrader,0294aca707b940c39df54ce74e94985a,SPY,buy,market,fill,1,gtc,0.0,1,stock,360.9800109863281,1.0,0.0
2020-11-17 09:30:00-05:00,MLTrader,19c0d9c093f24d47a11e780749389506,SPY,buy,market,new,1,gtc,0.0,1,stock,,,
2020-11-17 09:30:00-05:00,MLTrader,19c0d9c093f24d47a11e780749389506,SPY,buy,market,fill,1,gtc,0.0,1,stock,359.9700012207031,1.0,0.0
2020-11-18 09:30:00-05:00,MLTrader,6e0b8a00def4440a94c65949d5214198,SPY,buy,market,new,1,gtc,0.0,1,stock,,,
2020-11-18 09:30:00-05:00,MLTrader,6e0b8a00def4440a94c65949d5214198,SPY,buy,market,fill,1,gtc,0.0,1,stock,360.9100036621094,1.0,0.0
2020-11-19 09:30:00-05:00,MLTrader,970a846dc8194fd3b7ab8a9459ea1cef,SPY,buy,market,new,1,gtc,0.0,1,stock,,,
2020-11-19 09:30:00-05:00,MLTrader,970a846dc8194fd3b7ab8a9459ea1cef,SPY,buy,market,fill,1,gtc,0.0,1,stock,355.6000061035156,1.0,0.0
2020-11-20 09:30:00-05:00,MLTrader,525097eea7384d05b43600acf2a9fb87,SPY,buy,market,new,1,gtc,0.0,1,stock,,,
2020-11-20 09:30:00-05:00,MLTrader,525097eea7384d05b43600acf2a9fb87,SPY,buy,market,fill,1,gtc,0.0,1,stock,357.5,1.0,0.0
2020-11-23 09:30:00-05:00,MLTrader,0e56c758bcf14241ab9da359ea333b74,SPY,buy,market,new,1,gtc,0.0,1,stock,,,
2020-11-23 09:30:00-05:00,MLTrader,0e56c758bcf14241ab9da359ea333b74,SPY,buy,market,fill,1,gtc,0.0,1,stock,357.2799987792969,1.0,0.0
2020-11-24 09:30:00-05:00,MLTrader,9322f70c40e14fb3b24f9855dbb44e0a,SPY,buy,market,new,1,gtc,0.0,1,stock,,,
2020-11-24 09:30:00-05:00,MLTrader,9322f70c40e14fb3b24f9855dbb44e0a,SPY,buy,market,fill,1,gtc,0.0,1,stock,360.2099914550781,1.0,0.0
2020-11-25 09:30:00-05:00,MLTrader,af96837e50ae4d53868bf6e691e94aa0,SPY,buy,market,new,1,gtc,0.0,1,stock,,,
2020-11-25 09:30:00-05:00,MLTrader,af96837e50ae4d53868bf6e691e94aa0,SPY,buy,market,fill,1,gtc,0.0,1,stock,363.1300048828125,1.0,0.0
2020-11-27 09:30:00-05:00,MLTrader,145eb6f4aac342d5a5493f4cfcaf9344,SPY,buy,market,new,1,gtc,0.0,1,stock,,,
2020-11-27 09:30:00-05:00,MLTrader,145eb6f4aac342d5a5493f4cfcaf9344,SPY,buy,market,fill,1,gtc,0.0,1,stock,363.8399963378906,1.0,0.0
2020-11-30 09:30:00-05:00,MLTrader,93b4fb119983499d8da4c77a84950dbe,SPY,buy,market,new,1,gtc,0.0,1,stock,,,
2020-11-30 09:30:00-05:00,MLTrader,93b4fb119983499d8da4c77a84950dbe,SPY,buy,market,fill,1,gtc,0.0,1,stock,362.8299865722656,1.0,0.0
2020-12-01 09:30:00-05:00,MLTrader,3acba205e67a481e926ff96bbe65968c,SPY,buy,market,new,1,gtc,0.0,1,stock,,,
2020-12-01 09:30:00-05:00,MLTrader,3acba205e67a481e926ff96bbe65968c,SPY,buy,market,fill,1,gtc,0.0,1,stock,365.57000732421875,1.0,0.0
2020-12-02 09:30:00-05:00,MLTrader,e2a30fd4ceee42e78f36e26f1b953be5,SPY,buy,market,new,1,gtc,0.0,1,stock,,,
2020-12-02 09:30:00-05:00,MLTrader,e2a30fd4ceee42e78f36e26f1b953be5,SPY,buy,market,fill,1,gtc,0.0,1,stock,364.82000732421875,1.0,0.0
2020-12-03 09:30:00-05:00,MLTrader,431c78c8b3ec46bd9ff6c19ff18157d3,SPY,buy,market,new,1,gtc,0.0,1,stock,,,
2020-12-03 09:30:00-05:00,MLTrader,431c78c8b3ec46bd9ff6c19ff18157d3,SPY,buy,market,fill,1,gtc,0.0,1,stock,366.67999267578125,1.0,0.0
2020-12-04 09:30:00-05:00,MLTrader,18a0dd5294ba429fbef5042a94891c9e,SPY,buy,market,new,1,gtc,0.0,1,stock,,,
2020-12-04 09:30:00-05:00,MLTrader,18a0dd5294ba429fbef5042a94891c9e,SPY,buy,market,fill,1,gtc,0.0,1,stock,367.32000732421875,1.0,0.0
2020-12-07 09:30:00-05:00,MLTrader,25738ae98122443b8c43c265c49b4f55,SPY,buy,market,new,1,gtc,0.0,1,stock,,,
2020-12-07 09:30:00-05:00,MLTrader,25738ae98122443b8c43c265c49b4f55,SPY,buy,market,fill,1,gtc,0.0,1,stock,369.0199890136719,1.0,0.0
2020-12-08 09:30:00-05:00,MLTrader,7378c40c2b1b48b4859793a2607d51ca,SPY,buy,market,new,1,gtc,0.0,1,stock,,,
2020-12-08 09:30:00-05:00,MLTrader,7378c40c2b1b48b4859793a2607d51ca,SPY,buy,market,fill,1,gtc,0.0,1,stock,367.7200012207031,1.0,0.0
2020-12-09 09:30:00-05:00,MLTrader,cbee3c8bbdb5450cbd56f3e10bb27f9d,SPY,buy,market,new,1,gtc,0.0,1,stock,,,
2020-12-09 09:30:00-05:00,MLTrader,cbee3c8bbdb5450cbd56f3e10bb27f9d,SPY,buy,market,fill,1,gtc,0.0,1,stock,370.8800048828125,1.0,0.0
2020-12-10 09:30:00-05:00,MLTrader,c5fdc1585d0b43f88be0b83b34f38d17,SPY,buy,market,new,1,gtc,0.0,1,stock,,,
2020-12-10 09:30:00-05:00,MLTrader,c5fdc1585d0b43f88be0b83b34f38d17,SPY,buy,market,fill,1,gtc,0.0,1,stock,365.3699951171875,1.0,0.0
2020-12-11 09:30:00-05:00,MLTrader,042b58e677b642bc971b80702668549a,SPY,buy,market,new,1,gtc,0.0,1,stock,,,
2020-12-11 09:30:00-05:00,MLTrader,042b58e677b642bc971b80702668549a,SPY,buy,market,fill,1,gtc,0.0,1,stock,364.8999938964844,1.0,0.0
2020-12-14 09:30:00-05:00,MLTrader,449742c0c8df4c98a280837c9d4b1894,SPY,buy,market,new,1,gtc,0.0,1,stock,,,
2020-12-14 09:30:00-05:00,MLTrader,449742c0c8df4c98a280837c9d4b1894,SPY,buy,market,fill,1,gtc,0.0,1,stock,368.6400146484375,1.0,0.0
2020-12-15 09:30:00-05:00,MLTrader,2a78f78c7b28468289b83462b7e4bb7e,SPY,buy,market,new,1,gtc,0.0,1,stock,,,
2020-12-15 09:30:00-05:00,MLTrader,2a78f78c7b28468289b83462b7e4bb7e,SPY,buy,market,fill,1,gtc,0.0,1,stock,367.3999938964844,1.0,0.0
2020-12-16 09:30:00-05:00,MLTrader,6b5a2b06ee0d4f66a13dc979789873b5,SPY,buy,market,new,1,gtc,0.0,1,stock,,,
2020-12-16 09:30:00-05:00,MLTrader,6b5a2b06ee0d4f66a13dc979789873b5,SPY,buy,market,fill,1,gtc,0.0,1,stock,369.82000732421875,1.0,0.0
2020-12-17 09:30:00-05:00,MLTrader,53d41f9f621c415f8b5a0ef63e8d6a6e,SPY,buy,market,new,1,gtc,0.0,1,stock,,,
2020-12-17 09:30:00-05:00,MLTrader,53d41f9f621c415f8b5a0ef63e8d6a6e,SPY,buy,market,fill,1,gtc,0.0,1,stock,371.94000244140625,1.0,0.0
2020-12-18 09:30:00-05:00,MLTrader,490d6f9d24d146bc80b57e99753d4336,SPY,buy,market,new,1,gtc,0.0,1,stock,,,
2020-12-18 09:30:00-05:00,MLTrader,490d6f9d24d146bc80b57e99753d4336,SPY,buy,market,fill,1,gtc,0.0,1,stock,370.9700012207031,1.0,0.0
2020-12-21 09:30:00-05:00,MLTrader,76b0d057a3af4567a292bd97f50ff6c8,SPY,buy,market,new,1,gtc,0.0,1,stock,,,
2020-12-21 09:30:00-05:00,MLTrader,76b0d057a3af4567a292bd97f50ff6c8,SPY,buy,market,fill,1,gtc,0.0,1,stock,364.9700012207031,1.0,0.0
2020-12-22 09:30:00-05:00,MLTrader,267777ec6d7e4c8fbb75ca6cb2f4ea0e,SPY,buy,market,new,1,gtc,0.0,1,stock,,,
2020-12-22 09:30:00-05:00,MLTrader,267777ec6d7e4c8fbb75ca6cb2f4ea0e,SPY,buy,market,fill,1,gtc,0.0,1,stock,368.2099914550781,1.0,0.0
2020-12-23 09:30:00-05:00,MLTrader,f68a76fc59ab4d4f9be8a6392d266a28,SPY,buy,market,new,1,gtc,0.0,1,stock,,,
2020-12-23 09:30:00-05:00,MLTrader,f68a76fc59ab4d4f9be8a6392d266a28,SPY,buy,market,fill,1,gtc,0.0,1,stock,368.2799987792969,1.0,0.0
2020-12-24 09:30:00-05:00,MLTrader,0dab29b82c2e464790b82452222dc93e,SPY,buy,market,new,1,gtc,0.0,1,stock,,,
2020-12-24 09:30:00-05:00,MLTrader,0dab29b82c2e464790b82452222dc93e,SPY,buy,market,fill,1,gtc,0.0,1,stock,368.0799865722656,1.0,0.0
2020-12-28 09:30:00-05:00,MLTrader,4b8e0fab2dac49b49b04b06d0daae0f2,SPY,buy,market,new,1,gtc,0.0,1,stock,,,
2020-12-28 09:30:00-05:00,MLTrader,4b8e0fab2dac49b49b04b06d0daae0f2,SPY,buy,market,fill,1,gtc,0.0,1,stock,371.739990234375,1.0,0.0
2020-12-29 09:30:00-05:00,MLTrader,f73a51196bbf4d0fba2f1a696b4814f5,SPY,buy,market,new,1,gtc,0.0,1,stock,,,
2020-12-29 09:30:00-05:00,MLTrader,f73a51196bbf4d0fba2f1a696b4814f5,SPY,buy,market,fill,1,gtc,0.0,1,stock,373.80999755859375,1.0,0.0
2020-12-30 09:30:00-05:00,MLTrader,541398a08534410985916c3d3281916d,SPY,buy,market,new,1,gtc,0.0,1,stock,,,
2020-12-30 09:30:00-05:00,MLTrader,541398a08534410985916c3d3281916d,SPY,buy,market,fill,1,gtc,0.0,1,stock,372.3399963378906,1.0,0.0
